{"cameraMode":{"drawMode":0,"name":"Shaded","section":"Shading Mode"},"sceneLighting":true,"audioPlay":false,"sceneViewState":{"m_AlwaysRefresh":false,"showFog":true,"showSkybox":true,"showFlares":true,"showImageEffects":true,"showParticleSystems":true,"showVisualEffectGraphs":true,"m_FxEnabled":true},"in2DMode":false,"pivot":{"x":0.23029999434947968,"y":0.06159999966621399,"z":-0.03629999980330467},"rotation":{"x":0.04573351517319679,"y":-0.9022679924964905,"z":0.09926319867372513,"w":0.41731253266334536},"size":0.2130390703678131,"orthographic":true}