{"cameraMode":{"drawMode":0,"name":"Shaded","section":"Shading Mode"},"sceneLighting":true,"audioPlay":false,"sceneViewState":{"m_AlwaysRefresh":false,"showFog":true,"showSkybox":true,"showFlares":true,"showImageEffects":true,"showParticleSystems":true,"showVisualEffectGraphs":true,"m_FxEnabled":true},"in2DMode":false,"pivot":{"x":-0.0947955772280693,"y":0.3360457122325897,"z":-0.03664065897464752},"rotation":{"x":-0.06290870159864426,"y":0.9260258078575134,"z":-0.1786181628704071,"w":-0.32686394453048708},"size":0.10600444674491883,"orthographic":false}