{"cameraMode":{"drawMode":0,"name":"Shaded","section":"Shading Mode"},"sceneLighting":true,"audioPlay":false,"sceneViewState":{"m_AlwaysRefresh":false,"showFog":true,"showSkybox":true,"showFlares":true,"showImageEffects":true,"showParticleSystems":true,"showVisualEffectGraphs":true,"m_FxEnabled":true},"in2DMode":false,"pivot":{"x":-2.1650779247283937,"y":1.3871259689331055,"z":5.347574234008789},"rotation":{"x":0.021444004029035569,"y":0.9765192270278931,"z":-0.11626196652650833,"w":0.18011637032032014},"size":0.16993115842342378,"orthographic":true}