{"cameraMode":{"drawMode":0,"name":"Shaded","section":"Shading Mode"},"sceneLighting":false,"audioPlay":false,"sceneViewState":{"m_AlwaysRefresh":false,"showFog":true,"showSkybox":false,"showFlares":true,"showImageEffects":true,"showParticleSystems":true,"showVisualEffectGraphs":true,"m_FxEnabled":true},"in2DMode":false,"pivot":{"x":-58.94012451171875,"y":773.3650512695313,"z":57.01115417480469},"rotation":{"x":-0.019805748015642167,"y":-0.015899615362286569,"z":0.0003150849079247564,"w":-0.9996811151504517},"size":1035.7093505859375,"orthographic":false}